cluster,cluster_name,passages,top_terms,top_sections
0,"History, Asia & Global Cultures",130,"culmove, asia, migration, southeast, diasporic, culanth, alliance, buddhism, socialist, hist",Course Descriptions; Majors (listed in alphabetical order); General Information
1,Major Structure & Electives,114,"updated, select, recommended, divisions, periodically, list, behavioral, capacities, electives, seminar",Majors (listed in alphabetical order); Course Descriptions; Degree Requirements
2,"Transfer Credit, Study Away & Costs",65,"transfer, precollege, transferred, away, prematriculation, ap, expenses, preapproved, ipc, usd",Office of Global Education and Study Away; Estimated Expenses; Transfer of Work Taken Elsewhere
3,Language Learning,66,"vocabulary, csl, speaking, authentic, mandarin, learner, normally, oral, write, languages",Course Descriptions; Entrance Credit and Placement; Degree Requirements
4,"Politics, Policy & Governance",110,"polsci, authoritarian, democracies, regulatory, political, pubpol, populism, democratic, culanth, democracy",Majors (listed in alphabetical order); Course Descriptions
5,"Arts, Media & Humanities",197,"audio, storytelling, documentary, film, gender, video, movies, story, african, religious",Course Descriptions; Majors (listed in alphabetical order); Animating Principles
6,"Math, Physical Sciences & Computing",183,"phys, math, matsci, algorithms, quantum, algebra, physics, chem, equations, probability",Course Descriptions; Majors (listed in alphabetical order)
7,"Sports, Wellness & Student Support",66,"fitness, workout, martial, lifestyle, swimming, football, advising, sport, recreational, coaching",Course Descriptions; Academic Resource Center; Athletics & University Sports
8,"Environment, Economics & Health",148,"envir, econ, pubpol, biodiversity, ecosystem, biol, sustainability, oceans, infectious, environmental",Course Descriptions; Majors (listed in alphabetical order); General Information
9,Academic Standing & Withdrawal,71,"probationary, incomplete, probation, absence, underload, complaint, refund, grade, resolved, leave","Academic Warning, Probation, and Suspension for Students in the Classes of 2022-2024; Refund; Undergraduate Course Load"
10,"Grading, Credit Rules & Calendar",109,"thursday, monday, friday, nc, ece, cr, tuesday, grade, graduating, sunday",Course Descriptions; Academic Calendar 2021-22; Grading and Grade Requirements
11,DKU Institution & Services,75,"dukekunshan, cn, wuhan, honesty, services, bachelor, edu, disabilities, accommodations, graduation",Partners; Degree Requirements; Who We Are
