chapter,section,cluster,cluster_name,count
Part 10: Majors and Courses,Course Descriptions,0,"History, Asia & Global Cultures",74
Part 10: Majors and Courses,Course Descriptions,1,Major Structure & Electives,48
Part 10: Majors and Courses,Course Descriptions,3,Language Learning,48
Part 10: Majors and Courses,Course Descriptions,4,"Politics, Policy & Governance",43
Part 10: Majors and Courses,Course Descriptions,5,"Arts, Media & Humanities",155
Part 10: Majors and Courses,Course Descriptions,6,"Math, Physical Sciences & Computing",121
Part 10: Majors and Courses,Course Descriptions,7,"Sports, Wellness & Student Support",30
Part 10: Majors and Courses,Course Descriptions,8,"Environment, Economics & Health",79
Part 10: Majors and Courses,Course Descriptions,10,"Grading, Credit Rules & Calendar",31
Part 10: Majors and Courses,Course Descriptions,11,DKU Institution & Services,3
Part 10: Majors and Courses,Majors (listed in alphabetical order),0,"History, Asia & Global Cultures",53
Part 10: Majors and Courses,Majors (listed in alphabetical order),1,Major Structure & Electives,48
Part 10: Majors and Courses,Majors (listed in alphabetical order),3,Language Learning,2
Part 10: Majors and Courses,Majors (listed in alphabetical order),4,"Politics, Policy & Governance",67
Part 10: Majors and Courses,Majors (listed in alphabetical order),5,"Arts, Media & Humanities",38
Part 10: Majors and Courses,Majors (listed in alphabetical order),6,"Math, Physical Sciences & Computing",62
Part 10: Majors and Courses,Majors (listed in alphabetical order),8,"Environment, Economics & Health",68
Part 10: Majors and Courses,Majors (listed in alphabetical order),10,"Grading, Credit Rules & Calendar",2
Part 10: Majors and Courses,Requirements for All Majors,1,Major Structure & Electives,2
Part 10: Majors and Courses,Requirements for All Majors,3,Language Learning,2
Part 10: Majors and Courses,Requirements for All Majors,10,"Grading, Credit Rules & Calendar",3
Part 11: Academic Calendar 2021-22,Academic Calendar 2021-22,10,"Grading, Credit Rules & Calendar",16
Part 12: Useful Contacts,Useful Contacts,11,DKU Institution & Services,1
Part 1: General Information,Duke Kunshan University Community Standard,11,DKU Institution & Services,1
Part 1: General Information,General Information,0,"History, Asia & Global Cultures",1
Part 1: General Information,General Information,8,"Environment, Economics & Health",1
Part 1: General Information,General Information,11,DKU Institution & Services,1
Part 1: General Information,Mission Statement,11,DKU Institution & Services,1
Part 1: General Information,Partners,0,"History, Asia & Global Cultures",1
Part 1: General Information,Partners,11,DKU Institution & Services,6
Part 1: General Information,Statement on Diversity and Inclusion,11,DKU Institution & Services,1
Part 1: General Information,Who We Are,11,DKU Institution & Services,5
Part 2: A Liberal Arts Education at Duke Kunshan University,A 21st Century Curriculum,11,DKU Institution & Services,1
Part 2: A Liberal Arts Education at Duke Kunshan University,A Liberal Arts College Experience,11,DKU Institution & Services,1
Part 2: A Liberal Arts Education at Duke Kunshan University,Animating Principles,1,Major Structure & Electives,2
Part 2: A Liberal Arts Education at Duke Kunshan University,Animating Principles,5,"Arts, Media & Humanities",3
Part 2: A Liberal Arts Education at Duke Kunshan University,Animating Principles,11,DKU Institution & Services,1
Part 2: A Liberal Arts Education at Duke Kunshan University,Dual Degrees,11,DKU Institution & Services,1
Part 3: The Curriculum,Degree Requirements,1,Major Structure & Electives,9
Part 3: The Curriculum,Degree Requirements,2,"Transfer Credit, Study Away & Costs",3
Part 3: The Curriculum,Degree Requirements,3,Language Learning,3
Part 3: The Curriculum,Degree Requirements,7,"Sports, Wellness & Student Support",1
Part 3: The Curriculum,Degree Requirements,10,"Grading, Credit Rules & Calendar",9
Part 3: The Curriculum,Degree Requirements,11,DKU Institution & Services,6
Part 3: The Curriculum,Key Components,1,Major Structure & Electives,2
Part 3: The Curriculum,Key Components,10,"Grading, Credit Rules & Calendar",3
Part 3: The Curriculum,Key Components,11,DKU Institution & Services,3
Part 3: The Curriculum,Overview,1,Major Structure & Electives,2
Part 3: The Curriculum,Overview,11,DKU Institution & Services,2
"Part 4: Admission, Scholarships and Financial Aid",Application Requirements,2,"Transfer Credit, Study Away & Costs",1
"Part 4: Admission, Scholarships and Financial Aid",Application Requirements,3,Language Learning,2
"Part 4: Admission, Scholarships and Financial Aid",Application Requirements,10,"Grading, Credit Rules & Calendar",2
"Part 4: Admission, Scholarships and Financial Aid",Application Timelines,2,"Transfer Credit, Study Away & Costs",1
"Part 4: Admission, Scholarships and Financial Aid",Application Timelines,3,Language Learning,2
"Part 4: Admission, Scholarships and Financial Aid",Application Timelines,10,"Grading, Credit Rules & Calendar",1
"Part 4: Admission, Scholarships and Financial Aid",Application Timelines,11,DKU Institution & Services,1
"Part 4: Admission, Scholarships and Financial Aid",How to Apply,11,DKU Institution & Services,1
"Part 4: Admission, Scholarships and Financial Aid",Notification and Responses,10,"Grading, Credit Rules & Calendar",1
"Part 4: Admission, Scholarships and Financial Aid",Principles of Selection,11,DKU Institution & Services,2
"Part 4: Admission, Scholarships and Financial Aid",Scholarships and Financial Aid,2,"Transfer Credit, Study Away & Costs",1
"Part 4: Admission, Scholarships and Financial Aid",Scholarships and Financial Aid,11,DKU Institution & Services,2
Part 5: Financial Information,Estimated Expenses,0,"History, Asia & Global Cultures",1
Part 5: Financial Information,Estimated Expenses,2,"Transfer Credit, Study Away & Costs",13
Part 5: Financial Information,Estimated Expenses,7,"Sports, Wellness & Student Support",1
Part 5: Financial Information,Estimated Expenses,9,Academic Standing & Withdrawal,2
Part 5: Financial Information,Estimated Expenses,10,"Grading, Credit Rules & Calendar",1
Part 5: Financial Information,Refund,2,"Transfer Credit, Study Away & Costs",1
Part 5: Financial Information,Refund,9,Academic Standing & Withdrawal,7
Part 5: Financial Information,Tuition and Fees,2,"Transfer Credit, Study Away & Costs",2
Part 6: Academic Procedures and Information,Academic Integrity,2,"Transfer Credit, Study Away & Costs",1
Part 6: Academic Procedures and Information,Academic Integrity,7,"Sports, Wellness & Student Support",1
Part 6: Academic Procedures and Information,Academic Integrity,9,Academic Standing & Withdrawal,2
Part 6: Academic Procedures and Information,Academic Integrity,11,DKU Institution & Services,1
Part 6: Academic Procedures and Information,Academic Recognition and Honors,10,"Grading, Credit Rules & Calendar",3
Part 6: Academic Procedures and Information,Academic Recognition and Honors,11,DKU Institution & Services,1
Part 6: Academic Procedures and Information,"Academic Warning, Probation, and Suspension for Students in the Class of 2025 and Beyond",9,Academic Standing & Withdrawal,6
Part 6: Academic Procedures and Information,"Academic Warning, Probation, and Suspension for Students in the Class of 2025 and Beyond",10,"Grading, Credit Rules & Calendar",2
Part 6: Academic Procedures and Information,"Academic Warning, Probation, and Suspension for Students in the Classes of 2022-2024",9,Academic Standing & Withdrawal,9
Part 6: Academic Procedures and Information,"Academic Warning, Probation, and Suspension for Students in the Classes of 2022-2024",10,"Grading, Credit Rules & Calendar",1
Part 6: Academic Procedures and Information,Changes in Status,2,"Transfer Credit, Study Away & Costs",3
Part 6: Academic Procedures and Information,Changes in Status,9,Academic Standing & Withdrawal,6
Part 6: Academic Procedures and Information,Changes in Status,10,"Grading, Credit Rules & Calendar",1
Part 6: Academic Procedures and Information,Changes in Status,11,DKU Institution & Services,1
Part 6: Academic Procedures and Information,Class Attendance and Missed Work,9,Academic Standing & Withdrawal,3
Part 6: Academic Procedures and Information,Class Scheduling,10,"Grading, Credit Rules & Calendar",1
Part 6: Academic Procedures and Information,Compliance with Academic Regulations,9,Academic Standing & Withdrawal,1
Part 6: Academic Procedures and Information,Course Audit,2,"Transfer Credit, Study Away & Costs",1
Part 6: Academic Procedures and Information,Course Repeat,2,"Transfer Credit, Study Away & Costs",1
Part 6: Academic Procedures and Information,Course Repeat,9,Academic Standing & Withdrawal,1
Part 6: Academic Procedures and Information,Course Repeat,10,"Grading, Credit Rules & Calendar",2
Part 6: Academic Procedures and Information,Course Repeat,11,DKU Institution & Services,1
Part 6: Academic Procedures and Information,Declaration of Major,11,DKU Institution & Services,2
Part 6: Academic Procedures and Information,Education Records,9,Academic Standing & Withdrawal,1
Part 6: Academic Procedures and Information,Education Records,11,DKU Institution & Services,2
Part 6: Academic Procedures and Information,Eligibility for Courses,2,"Transfer Credit, Study Away & Costs",1
Part 6: Academic Procedures and Information,Eligibility for Courses,3,Language Learning,1
Part 6: Academic Procedures and Information,Eligibility for Courses,10,"Grading, Credit Rules & Calendar",1
Part 6: Academic Procedures and Information,Entrance Credit and Placement,2,"Transfer Credit, Study Away & Costs",5
Part 6: Academic Procedures and Information,Entrance Credit and Placement,3,Language Learning,5
Part 6: Academic Procedures and Information,Entrance Credit and Placement,10,"Grading, Credit Rules & Calendar",1
Part 6: Academic Procedures and Information,Entrance Credit and Placement,11,DKU Institution & Services,3
Part 6: Academic Procedures and Information,Exclusion of Disruptive Students from a Course,9,Academic Standing & Withdrawal,2
Part 6: Academic Procedures and Information,Final Examinations,9,Academic Standing & Withdrawal,2
Part 6: Academic Procedures and Information,Final Examinations,10,"Grading, Credit Rules & Calendar",1
Part 6: Academic Procedures and Information,Grade Review Procedure,9,Academic Standing & Withdrawal,5
Part 6: Academic Procedures and Information,Grade Review Procedure,11,DKU Institution & Services,1
Part 6: Academic Procedures and Information,Grading and Grade Requirements,2,"Transfer Credit, Study Away & Costs",4
Part 6: Academic Procedures and Information,Grading and Grade Requirements,9,Academic Standing & Withdrawal,2
Part 6: Academic Procedures and Information,Grading and Grade Requirements,10,"Grading, Credit Rules & Calendar",13
Part 6: Academic Procedures and Information,Graduation and Commencement,10,"Grading, Credit Rules & Calendar",1
Part 6: Academic Procedures and Information,Incomplete Coursework and Excused Absence from Final Exam,9,Academic Standing & Withdrawal,4
Part 6: Academic Procedures and Information,Independent Studies,1,Major Structure & Electives,1
Part 6: Academic Procedures and Information,Independent Studies,7,"Sports, Wellness & Student Support",1
Part 6: Academic Procedures and Information,Notification of Intention to Graduate,11,DKU Institution & Services,1
Part 6: Academic Procedures and Information,Procedure for Resolution of Students' Academic Concerns,9,Academic Standing & Withdrawal,4
Part 6: Academic Procedures and Information,Procedure for Resolution of Students' Academic Concerns,11,DKU Institution & Services,1
Part 6: Academic Procedures and Information,Progress toward Degree,2,"Transfer Credit, Study Away & Costs",1
Part 6: Academic Procedures and Information,Progress toward Degree,9,Academic Standing & Withdrawal,1
Part 6: Academic Procedures and Information,Progress toward Degree,10,"Grading, Credit Rules & Calendar",3
Part 6: Academic Procedures and Information,Registration,2,"Transfer Credit, Study Away & Costs",1
Part 6: Academic Procedures and Information,Registration,3,Language Learning,1
Part 6: Academic Procedures and Information,Registration,7,"Sports, Wellness & Student Support",1
Part 6: Academic Procedures and Information,Registration,9,Academic Standing & Withdrawal,3
Part 6: Academic Procedures and Information,Religious Holidays,11,DKU Institution & Services,1
Part 6: Academic Procedures and Information,Submission of Term Paper,10,"Grading, Credit Rules & Calendar",1
Part 6: Academic Procedures and Information,The Provision of Academic Information to Parents and Guardians,9,Academic Standing & Withdrawal,1
Part 6: Academic Procedures and Information,Time Limit for Completing Undergraduate Degree,11,DKU Institution & Services,1
Part 6: Academic Procedures and Information,Transfer of Work Taken Elsewhere,2,"Transfer Credit, Study Away & Costs",8
Part 6: Academic Procedures and Information,Transfer of Work Taken Elsewhere,11,DKU Institution & Services,1
Part 6: Academic Procedures and Information,Two-Credit Writing Courses,10,"Grading, Credit Rules & Calendar",1
Part 6: Academic Procedures and Information,Undergraduate Course Load,2,"Transfer Credit, Study Away & Costs",2
Part 6: Academic Procedures and Information,Undergraduate Course Load,9,Academic Standing & Withdrawal,7
Part 6: Academic Procedures and Information,Undergraduate Course Load,10,"Grading, Credit Rules & Calendar",5
Part 7: Academic Advising and Support,Academic Advising,7,"Sports, Wellness & Student Support",3
Part 7: Academic Advising and Support,Academic Advising,11,DKU Institution & Services,1
Part 7: Academic Advising and Support,Academic Advising and Support,7,"Sports, Wellness & Student Support",1
Part 7: Academic Advising and Support,Academic Resource Center,7,"Sports, Wellness & Student Support",5
Part 7: Academic Advising and Support,Seven Principles of Duke Kunshan University Academic Advising,7,"Sports, Wellness & Student Support",2
"Part 8: Career Services, Study Away, and Research Opportunities",Career Services,7,"Sports, Wellness & Student Support",1
"Part 8: Career Services, Study Away, and Research Opportunities",Career Services,11,DKU Institution & Services,4
"Part 8: Career Services, Study Away, and Research Opportunities",Office of Global Education and Study Away,2,"Transfer Credit, Study Away & Costs",14
"Part 8: Career Services, Study Away, and Research Opportunities",Office of Global Education and Study Away,7,"Sports, Wellness & Student Support",2
"Part 8: Career Services, Study Away, and Research Opportunities",Office of Global Education and Study Away,9,Academic Standing & Withdrawal,1
"Part 8: Career Services, Study Away, and Research Opportunities",Office of Global Education and Study Away,10,"Grading, Credit Rules & Calendar",1
"Part 8: Career Services, Study Away, and Research Opportunities",Office of Global Education and Study Away,11,DKU Institution & Services,1
"Part 8: Career Services, Study Away, and Research Opportunities",Student Research Opportunities,11,DKU Institution & Services,2
Part 9: Student Affairs and Campus Life,Accommodations,7,"Sports, Wellness & Student Support",1
Part 9: Student Affairs and Campus Life,Accommodations,10,"Grading, Credit Rules & Calendar",2
Part 9: Student Affairs and Campus Life,Arts and Culture,11,DKU Institution & Services,1
Part 9: Student Affairs and Campus Life,Athletics & University Sports,7,"Sports, Wellness & Student Support",4
Part 9: Student Affairs and Campus Life,Blue Oasis Student Center,7,"Sports, Wellness & Student Support",1
Part 9: Student Affairs and Campus Life,Campus Engagement,7,"Sports, Wellness & Student Support",1
Part 9: Student Affairs and Campus Life,Campus Health Clinic,7,"Sports, Wellness & Student Support",1
Part 9: Student Affairs and Campus Life,Campus Programs,7,"Sports, Wellness & Student Support",1
Part 9: Student Affairs and Campus Life,Campus Programs,11,DKU Institution & Services,2
Part 9: Student Affairs and Campus Life,Chinese Student Services and Student Mobility,2,"Transfer Credit, Study Away & Costs",1
Part 9: Student Affairs and Campus Life,Chinese Student Services and Student Mobility,7,"Sports, Wellness & Student Support",1
Part 9: Student Affairs and Campus Life,Counseling and Psychological Services (CAPS),11,DKU Institution & Services,2
Part 9: Student Affairs and Campus Life,Host Family Program,11,DKU Institution & Services,1
Part 9: Student Affairs and Campus Life,International Student Services,7,"Sports, Wellness & Student Support",1
Part 9: Student Affairs and Campus Life,International Student Services,11,DKU Institution & Services,1
Part 9: Student Affairs and Campus Life,Leadership Development,7,"Sports, Wellness & Student Support",1
Part 9: Student Affairs and Campus Life,Residence Life,7,"Sports, Wellness & Student Support",2
Part 9: Student Affairs and Campus Life,Student Affairs,7,"Sports, Wellness & Student Support",2
Part 9: Student Affairs and Campus Life,Student Affairs Conceptual Framework,5,"Arts, Media & Humanities",1
Part 9: Student Affairs and Campus Life,Student Affairs Conceptual Framework,11,DKU Institution & Services,1
Part 9: Student Affairs and Campus Life,Student Clubs and Organizations,11,DKU Institution & Services,1
Part 9: Student Affairs and Campus Life,Student Conduct,7,"Sports, Wellness & Student Support",1
Part 9: Student Affairs and Campus Life,Student Conduct,9,Academic Standing & Withdrawal,1
Part 9: Student Affairs and Campus Life,Student Conduct,11,DKU Institution & Services,1
